chrom,pos,ref,alt,label,consequence,tss_dist,match_group
1,7961859,C,G,True,PLS,34,PLS_0
1,9943502,A,T,True,5_prime_UTR_variant,26,5_prime_UTR_variant_0
1,9943503,C,T,True,5_prime_UTR_variant,27,5_prime_UTR_variant_1
1,11023351,G,A,True,3_prime_UTR_variant,1206,3_prime_UTR_variant_0
1,21509427,C,T,True,5_prime_UTR_variant,0,5_prime_UTR_variant_2
1,25816825,T,C,True,3_prime_UTR_variant,1814,3_prime_UTR_variant_1
1,45015501,G,T,True,3_prime_UTR_variant,2593,3_prime_UTR_variant_2
1,55039507,C,A,True,5_prime_UTR_variant,40,5_prime_UTR_variant_3
1,90916206,C,T,True,3_prime_UTR_variant,105250,3_prime_UTR_variant_3
1,90916786,G,C,True,3_prime_UTR_variant,104670,3_prime_UTR_variant_4
1,91022191,G,T,True,5_prime_UTR_variant,80,5_prime_UTR_variant_4
1,100195897,T,G,True,3_prime_UTR_variant,17623,3_prime_UTR_variant_5
1,1425822,C,G,False,PLS,48,PLS_4
1,1615869,C,T,False,PLS,35,PLS_0
1,1659060,G,A,False,PLS,47,PLS_4
1,1659114,A,G,False,PLS,101,PLS_5
1,2050958,T,C,False,5_prime_UTR_variant,149,5_prime_UTR_variant_7
1,2074688,G,A,False,5_prime_UTR_variant,0,5_prime_UTR_variant_2
1,3437073,G,A,False,3_prime_UTR_variant,17591,3_prime_UTR_variant_5
1,3468692,A,G,False,5_prime_UTR_variant,147,5_prime_UTR_variant_7
1,3650142,G,A,False,PLS,38,PLS_2
1,3734754,A,G,False,3_prime_UTR_variant,17695,3_prime_UTR_variant_5
1,3900119,A,G,False,PLS,101,PLS_5
1,5886890,T,C,False,3_prime_UTR_variant,104036,3_prime_UTR_variant_3
